{
    "loss": 0.2488429695367813,
    "accuracy": 0.895309329032898
}